{
  "auth": {
    "coffeebedad5a80f": {
      "customAuth": false,
      "dependsOn": [],
      "frontendAuthConfig": {
        "mfaConfiguration": "OFF",
        "mfaTypes": [
          "SMS"
        ],
        "passwordProtectionSettings": {
          "passwordPolicyCharacters": [],
          "passwordPolicyMinLength": 8
        },
        "signupAttributes": [
          "EMAIL"
        ],
        "socialProviders": [],
        "usernameAttributes": [],
        "verificationMechanisms": [
          "EMAIL"
        ]
      },
      "providerPlugin": "awscloudformation",
      "service": "Cognito"
    }
  },
  "function": {
    "S3Triggerd022d891": {
      "build": true,
      "providerPlugin": "awscloudformation",
      "service": "Lambda"
    }
  },
  "parameters": {
    "AMPLIFY_function_S3Triggerd022d891_deploymentBucketName": {
      "usedBy": [
        {
          "category": "function",
          "resourceName": "S3Triggerd022d891"
        }
      ]
    },
    "AMPLIFY_function_S3Triggerd022d891_s3Key": {
      "usedBy": [
        {
          "category": "function",
          "resourceName": "S3Triggerd022d891"
        }
      ]
    }
  },
  "storage": {
    "s3625923ac": {
      "dependsOn": [
        {
          "attributes": [
            "Name",
            "Arn",
            "LambdaExecutionRole"
          ],
          "category": "function",
          "resourceName": "S3Triggerd022d891"
        }
      ],
      "providerPlugin": "awscloudformation",
      "service": "S3"
    }
  }
}