{
  "aws_project_region": "ap-southeast-1",
  "aws_cognito_identity_pool_id": "ap-southeast-1:4bb4c28a-491b-4c4c-8e39-be310cd34fe0",
  "aws_cognito_region": "ap-southeast-1",
  "aws_user_pools_id": "ap-southeast-1_RSwO0GC5Y",
  "aws_user_pools_web_client_id": "3f959pdltbfgt045uefveel9ot",
  "oauth": {},
  "aws_cognito_username_attributes": [],
  "aws_cognito_social_providers": [],
  "aws_cognito_signup_attributes": [
    "EMAIL"
  ],
  "aws_cognito_mfa_configuration": "OFF",
  "aws_cognito_mfa_types": [
    "SMS"
  ],
  "aws_cognito_password_protection_settings": {
    "passwordPolicyMinLength": 8,
    "passwordPolicyCharacters": []
  },
  "aws_cognito_verification_mechanisms": [
    "EMAIL"
  ],
  "aws_user_files_s3_bucket": "coffeebe8c278ce734224e64a187054b5221b559221332-dev",
  "aws_user_files_s3_bucket_region": "ap-southeast-1"
}