{
  "aws_project_region": "ap-southeast-1",
  "aws_cognito_identity_pool_id": "ap-southeast-1:906b5ed5-576a-422c-8356-de12fadaefbe",
  "aws_cognito_region": "ap-southeast-1",
  "aws_user_pools_id": "ap-southeast-1_1T16RD3Gb",
  "aws_user_pools_web_client_id": "7e1g872b8c44ahlepghvi3nblm",
  "oauth": {},
  "aws_cognito_username_attributes": [],
  "aws_cognito_social_providers": [],
  "aws_cognito_signup_attributes": [
    "EMAIL"
  ],
  "aws_cognito_mfa_configuration": "OFF",
  "aws_cognito_mfa_types": [
    "SMS"
  ],
  "aws_cognito_password_protection_settings": {
    "passwordPolicyMinLength": 8,
    "passwordPolicyCharacters": []
  },
  "aws_cognito_verification_mechanisms": [
    "EMAIL"
  ],
  "aws_user_files_s3_bucket": "coffeelove12e7053999e242d7aac86a0af0c26c79130559-dev",
  "aws_user_files_s3_bucket_region": "ap-southeast-1"
}